Type,Name,Request Count,Failure Count,Median Response Time,Average Response Time,Min Response Time,Max Response Time,Average Content Size,Requests/s,Failures/s,50%,66%,75%,80%,90%,95%,98%,99%,99.9%,99.99%,100%
GET,/api/joke,186415,0,250.0,253.4963249997908,7.783412000000212,692.3557760000003,5.67591127323445,3106.622519328632,0.0,250,260,270,280,300,320,350,360,530,630,690
POST,/api/joke,18420,0,250.0,253.7684966022257,6.042508999999807,602.7053999999996,1.0,306.9709347747413,0.0,250,260,270,280,300,320,350,360,480,600,600
,Aggregated,204835,0,250.0,253.52080031366214,6.042508999999807,692.3557760000003,5.255425098249811,3413.593454103373,0.0,250,260,270,280,300,320,350,360,530,630,690
